subjects,activities_name,tbodyacc-mean()-x,tbodyacc-mean()-y,tbodyacc-mean()-z,tbodyacc-std()-x,tbodyacc-std()-y,tbodyacc-std()-z,tgravityacc-mean()-x,tgravityacc-mean()-y,tgravityacc-mean()-z,tgravityacc-std()-x,tgravityacc-std()-y,tgravityacc-std()-z,tbodyaccjerk-mean()-x,tbodyaccjerk-mean()-y,tbodyaccjerk-mean()-z,tbodyaccjerk-std()-x,tbodyaccjerk-std()-y,tbodyaccjerk-std()-z,tbodygyro-mean()-x,tbodygyro-mean()-y,tbodygyro-mean()-z,tbodygyro-std()-x,tbodygyro-std()-y,tbodygyro-std()-z,tbodygyrojerk-mean()-x,tbodygyrojerk-mean()-y,tbodygyrojerk-mean()-z,tbodygyrojerk-std()-x,tbodygyrojerk-std()-y,tbodygyrojerk-std()-z,tbodyaccmag-mean(),tbodyaccmag-std(),tgravityaccmag-mean(),tgravityaccmag-std(),tbodyaccjerkmag-mean(),tbodyaccjerkmag-std(),tbodygyromag-mean(),tbodygyromag-std(),tbodygyrojerkmag-mean(),tbodygyrojerkmag-std(),fbodyacc-mean()-x,fbodyacc-mean()-y,fbodyacc-mean()-z,fbodyacc-std()-x,fbodyacc-std()-y,fbodyacc-std()-z,fbodyaccjerk-mean()-x,fbodyaccjerk-mean()-y,fbodyaccjerk-mean()-z,fbodyaccjerk-std()-x,fbodyaccjerk-std()-y,fbodyaccjerk-std()-z,fbodygyro-mean()-x,fbodygyro-mean()-y,fbodygyro-mean()-z,fbodygyro-std()-x,fbodygyro-std()-y,fbodygyro-std()-z,fbodyaccmag-mean(),fbodyaccmag-std(),fbodybodyaccjerkmag-mean(),fbodybodyaccjerkmag-std(),fbodybodygyromag-mean(),fbodybodygyromag-std(),fbodybodygyrojerkmag-mean(),fbodybodygyrojerkmag-std()
1,WALKING,0.265696921,-0.018298173,-0.107845735,-0.545795331,-0.367716218,-0.502645747,0.744867412,-0.082556258,0.07233987,-0.959859436,-0.951150627,-0.925817591,0.07709305,0.016590844,-0.009107587,-0.524721923,-0.470412404,-0.717322275,-0.020876406,-0.088072273,0.086264167,-0.686555715,-0.45097981,-0.597496137,-0.09711202,-0.041716481,-0.047139399,-0.637812687,-0.634472245,-0.664591978,-0.453632944,-0.497096402,-0.453632944,-0.497096402,-0.545431612,-0.515922168,-0.475404786,-0.499839594,-0.639517433,-0.652050771,-0.531895161,-0.406435449,-0.596411165,-0.553060617,-0.39015094,-0.498583092,-0.547348892,-0.507343618,-0.695305114,-0.543979776,-0.466251677,-0.737861933,-0.623219182,-0.505309434,-0.553529065,-0.708263421,-0.429825833,-0.650476162,-0.478448523,-0.589710231,-0.499075766,-0.54182308,-0.53500277,-0.56657667,-0.645970655,-0.685811263
2,STANDING,0.273113116,-0.019132318,-0.115649958,-0.605586497,-0.428962987,-0.589360062,0.660782867,-0.147219887,0.134865335,-0.963015508,-0.96003356,-0.945365384,0.078535316,0.007087712,0.000755761,-0.557809603,-0.49187589,-0.741885388,-0.051703066,-0.056842019,0.087259942,-0.710648928,-0.722943674,-0.634888928,-0.087558749,-0.043398684,-0.055754183,-0.671679103,-0.783595467,-0.674611933,-0.535281801,-0.552812546,-0.535281801,-0.552812546,-0.587777445,-0.512115278,-0.614771055,-0.680584888,-0.746559539,-0.740088734,-0.573770911,-0.432566581,-0.630081222,-0.619788103,-0.464723863,-0.600678615,-0.56168205,-0.508903799,-0.71574533,-0.595105613,-0.509147544,-0.767087015,-0.638717695,-0.722068979,-0.60159489,-0.73458854,-0.727167741,-0.683114495,-0.514569861,-0.646662308,-0.509746433,-0.518800798,-0.699742945,-0.725310338,-0.751615078,-0.744194981
3,WALKING,0.27342872,-0.017856067,-0.106492632,-0.623413602,-0.480015921,-0.653625579,0.707814353,-0.026059048,0.04809379,-0.966457566,-0.944564537,-0.926966278,0.070173126,0.014466433,-0.000526819,-0.635484688,-0.557211868,-0.79606624,-0.024849068,-0.074356531,0.08668755,-0.699262196,-0.763022182,-0.70948344,-0.099155461,-0.040192394,-0.052117826,-0.689328429,-0.842659862,-0.743028501,-0.563140803,-0.59122478,-0.563140803,-0.59122478,-0.650182434,-0.607658214,-0.643150122,-0.674010291,-0.784056656,-0.803661364,-0.62573329,-0.501779939,-0.699656829,-0.623805015,-0.50275364,-0.657443766,-0.645893497,-0.582949919,-0.780101644,-0.657844056,-0.559851186,-0.810806017,-0.64209772,-0.775144985,-0.670734709,-0.719276623,-0.758505287,-0.751008876,-0.579076454,-0.663079839,-0.604752108,-0.615643695,-0.716822144,-0.703839403,-0.810085499,-0.810032719
4,STANDING,0.274183111,-0.014808155,-0.107521431,-0.605211728,-0.509929384,-0.709492736,0.706593043,0.112591195,0.164130897,-0.962636979,-0.9414168,-0.941403426,0.078863785,0.003513409,-0.007373751,-0.631853083,-0.584063205,-0.843353231,-0.028941791,-0.078722991,0.095717487,-0.701397703,-0.798235749,-0.726374197,-0.107859316,-0.040042757,-0.05780893,-0.723788618,-0.902502593,-0.748369141,-0.561582135,-0.60655605,-0.561582135,-0.60655605,-0.656116312,-0.647249967,-0.656291094,-0.706738494,-0.819191368,-0.844187064,-0.628806379,-0.525834566,-0.755235429,-0.597551324,-0.534661524,-0.708764044,-0.652023078,-0.601696224,-0.825154871,-0.644622005,-0.593855152,-0.860544668,-0.641881978,-0.831527531,-0.689308946,-0.721749187,-0.782885736,-0.767089573,-0.602098038,-0.672948342,-0.635019005,-0.666506719,-0.745650755,-0.732586305,-0.83883321,-0.863096864
5,WALKING,0.27917796,-0.015483346,-0.105661737,-0.507691011,-0.402724906,-0.64644364,0.698153719,0.11231311,0.09216072,-0.964629109,-0.939973778,-0.942078679,0.08410199,0.001765683,-0.002953711,-0.575890536,-0.506544359,-0.784561995,-0.029451687,-0.077431645,0.086626712,-0.709955677,-0.705638307,-0.606589817,-0.103522877,-0.049062452,-0.050625816,-0.66258131,-0.77411427,-0.564680771,-0.460866416,-0.521623452,-0.460866416,-0.521623452,-0.58931387,-0.589031268,-0.602770285,-0.664078384,-0.707383518,-0.734187493,-0.551237705,-0.440232432,-0.696171811,-0.492829886,-0.422162171,-0.649351211,-0.604769869,-0.55099197,-0.768762358,-0.584013627,-0.491500434,-0.798835564,-0.632239301,-0.717062188,-0.537329127,-0.735738577,-0.702290391,-0.669353687,-0.528503023,-0.59425953,-0.573176177,-0.613485124,-0.677355756,-0.715731148,-0.74882931,-0.735610602
6,WALKING,0.272376614,-0.017569704,-0.115994541,-0.505086085,-0.36840367,-0.672512005,0.688702064,0.016205546,0.047519999,-0.958898709,-0.950934886,-0.937910224,0.08138336,0.000479281,-0.002258963,-0.53146831,-0.454437497,-0.738955208,-0.043361179,-0.07061291,0.097313029,-0.65380066,-0.626252073,-0.599910233,-0.082915997,-0.045492101,-0.053361032,-0.546009968,-0.677635981,-0.526908306,-0.464770007,-0.483790606,-0.464770007,-0.483790606,-0.551413652,-0.502935062,-0.549494852,-0.579837818,-0.621936159,-0.644474485,-0.506174926,-0.39204141,-0.683725945,-0.506680277,-0.396677794,-0.694365207,-0.549394274,-0.503558974,-0.720867158,-0.555346159,-0.437837459,-0.755751144,-0.537201442,-0.621188725,-0.507604208,-0.69286244,-0.63323623,-0.673020315,-0.473974924,-0.57091029,-0.494882316,-0.516711262,-0.579130051,-0.657368674,-0.651886909,-0.660175875
7,WALKING,0.270211698,-0.018790489,-0.112492375,-0.577518325,-0.546403365,-0.456473642,0.681289121,-0.042022145,0.034216071,-0.956538179,-0.955312554,-0.923304724,0.083182957,0.007609098,-0.007917257,-0.615131377,-0.622997416,-0.664336861,-0.051871693,-0.064607711,0.097767172,-0.687155474,-0.652408658,-0.66334076,-0.094203738,-0.041440141,-0.061030793,-0.7017312,-0.674920115,-0.750808706,-0.511312037,-0.510669879,-0.511312037,-0.510669879,-0.622815768,-0.550560231,-0.581899898,-0.598670796,-0.713191348,-0.658017845,-0.593011289,-0.563547785,-0.531005941,-0.572347541,-0.567046977,-0.460792123,-0.63752194,-0.641687334,-0.642515717,-0.626785745,-0.628531631,-0.684856439,-0.643767578,-0.630419275,-0.655083355,-0.703883647,-0.671161923,-0.698949519,-0.518323879,-0.583819796,-0.55336001,-0.550683255,-0.628877273,-0.650923648,-0.668879188,-0.668963362
8,WALKING,0.278268888,-0.014453707,-0.109006309,-0.748654888,-0.56345061,-0.76455451,0.601782572,0.187298247,0.177007409,-0.974751332,-0.955912054,-0.956116882,0.068609537,0.004964157,-0.011021165,-0.758913964,-0.622728559,-0.839104347,-0.024659926,-0.074439465,0.081176835,-0.722590643,-0.737675053,-0.758998748,-0.107118838,-0.036876527,-0.060258202,-0.73588313,-0.817212596,-0.821631316,-0.684607147,-0.71328703,-0.684607147,-0.71328703,-0.725727509,-0.729136162,-0.663265893,-0.720938161,-0.790885297,-0.825828347,-0.744952162,-0.581854533,-0.779333526,-0.750599893,-0.581953413,-0.775167074,-0.766583223,-0.662348428,-0.825870985,-0.77281133,-0.605587692,-0.850822301,-0.683114151,-0.75756827,-0.758361298,-0.736277289,-0.728609463,-0.781839005,-0.693568388,-0.77087789,-0.715745793,-0.74923644,-0.741679154,-0.755554747,-0.817455545,-0.850242419
8,WALKING_UPSTAIRS,0.266674049,-0.020221603,-0.105614723,-0.492827509,-0.23294076,-0.355279828,0.672365454,-0.05506755,0.03287422,-0.943108468,-0.94438549,-0.905264809,0.092704837,-0.001372015,-0.024377661,-0.47649215,-0.369514157,-0.575477616,0.01895755,-0.100127875,0.054790512,-0.620116118,-0.48024537,-0.376704872,-0.103800903,-0.041841422,-0.0572174,-0.641858248,-0.610128464,-0.627616234,-0.350982094,-0.467415039,-0.350982094,-0.467415039,-0.430092516,-0.474901934,-0.37446745,-0.505532708,-0.609841365,-0.656008681,-0.493100898,-0.262394129,-0.426764776,-0.495451225,-0.268071852,-0.370711174,-0.496470871,-0.405368968,-0.545511445,-0.503753699,-0.375199658,-0.604806208,-0.556923953,-0.477139862,-0.398930834,-0.642092981,-0.488490067,-0.430017097,-0.413399661,-0.586776859,-0.427796629,-0.546655473,-0.538348072,-0.572007931,-0.639438448,-0.70429979
9,STANDING,0.270313842,-0.020946656,-0.101233826,-0.555656545,-0.575887895,-0.506111776,0.670845546,-0.0467447,0.104353653,-0.958784666,-0.949938115,-0.920554318,0.084017143,0.006784858,-0.001029981,-0.578305161,-0.678923872,-0.721610095,-0.070131815,-0.072988431,0.109092913,-0.676452393,-0.670498221,-0.587557692,-0.089225493,-0.039734442,-0.053402884,-0.761710867,-0.773273879,-0.744656038,-0.505183471,-0.553038255,-0.505183471,-0.553038255,-0.621608245,-0.608862145,-0.550201867,-0.663198385,-0.762979581,-0.786176892,-0.579258404,-0.610267804,-0.592119123,-0.547995745,-0.586766083,-0.501074007,-0.621377141,-0.699766615,-0.702931928,-0.572819894,-0.679065855,-0.739139923,-0.63986322,-0.683924288,-0.612680463,-0.690689896,-0.667203221,-0.619468634,-0.553186448,-0.624456827,-0.609193722,-0.611619343,-0.700863098,-0.697729433,-0.786473954,-0.801296293
10,LAYING,0.27697709,-0.017033298,-0.110873504,-0.391986316,-0.385673788,-0.498647005,0.74068496,-0.207161356,0.108410428,-0.964710125,-0.955042379,-0.927801701,0.079463394,0.016939967,-0.016237273,-0.388135258,-0.44620605,-0.683330347,-0.015098665,-0.091743386,0.085228553,-0.588893241,-0.465358409,-0.496858788,-0.111993957,-0.039779398,-0.057310958,-0.632505797,-0.708431891,-0.60744263,-0.357419739,-0.424185928,-0.357419739,-0.424185928,-0.462110642,-0.409095655,-0.388314507,-0.522604975,-0.665691018,-0.714913443,-0.391578451,-0.384966594,-0.554573027,-0.393411346,-0.42583273,-0.511764536,-0.412057315,-0.463058241,-0.645684617,-0.418627017,-0.466687915,-0.72073657,-0.523601249,-0.545223159,-0.45841381,-0.612021917,-0.429815825,-0.556786813,-0.388684287,-0.535760386,-0.385138891,-0.447367612,-0.572513091,-0.573538826,-0.71084927,-0.741397841
10,STANDING,0.276583204,-0.01949093,-0.112184339,-0.838564338,-0.727853336,-0.854294969,0.441236069,0.20056918,-0.054532045,-0.968072754,-0.953455064,-0.961197429,0.080527512,0.00461144,-0.001287446,-0.820707125,-0.734174667,-0.889739521,-0.025522511,-0.069990392,0.10298477,-0.849243536,-0.851156069,-0.807039631,-0.100224381,-0.047872362,-0.051924541,-0.849140012,-0.892824674,-0.85047535,-0.801728673,-0.795247255,-0.801728673,-0.795247255,-0.816292716,-0.777345432,-0.797174474,-0.83437787,-0.876313804,-0.880007876,-0.82250593,-0.720876539,-0.862321343,-0.845922741,-0.751383961,-0.861217947,-0.826063598,-0.744950073,-0.878450186,-0.83137993,-0.741038335,-0.899683348,-0.819983752,-0.861050934,-0.792357544,-0.858958473,-0.846707375,-0.829842093,-0.786961677,-0.834157293,-0.78326977,-0.770950589,-0.845024944,-0.856745923,-0.885199923,-0.881496241
11,WALKING_UPSTAIRS,0.276585311,-0.019127253,-0.108941762,-0.589476498,-0.490379347,-0.665324314,0.730526185,0.052738703,0.140209861,-0.975394458,-0.957138771,-0.956812,0.083013454,0.007804425,-0.00657425,-0.659323083,-0.608784227,-0.842511816,-0.054732844,-0.058227577,0.08728411,-0.739922127,-0.703501766,-0.725016009,-0.080547331,-0.049391407,-0.048014017,-0.781738141,-0.868377254,-0.795490882,-0.542825033,-0.612882271,-0.542825033,-0.612882271,-0.679819505,-0.66424176,-0.628367851,-0.696771379,-0.826829028,-0.866905013,-0.619524028,-0.531455266,-0.750026146,-0.579491755,-0.50257024,-0.652095671,-0.676672987,-0.632374689,-0.82555959,-0.672195644,-0.609444998,-0.858259631,-0.709949332,-0.776852869,-0.708842979,-0.751758277,-0.670892713,-0.755960628,-0.611528074,-0.674470159,-0.656133473,-0.676925076,-0.75758594,-0.71126722,-0.864827011,-0.879254017
12,LAYING,0.273608724,-0.018337204,-0.106649117,-0.583962207,-0.522040023,-0.699293531,0.699222451,0.029976776,0.033029554,-0.967383434,-0.960572908,-0.946808564,0.070430311,0.005311538,0.000308112,-0.582418268,-0.571359817,-0.792621936,-0.062866347,-0.059202733,0.096074215,-0.727881705,-0.735062826,-0.671057679,-0.073113438,-0.043678823,-0.057458504,-0.709726149,-0.811232599,-0.74935186,-0.559586546,-0.574386494,-0.559586546,-0.574386494,-0.630050492,-0.566365684,-0.631668059,-0.684858057,-0.777294478,-0.786386533,-0.578920211,-0.523287079,-0.726640315,-0.586922578,-0.553076639,-0.709983235,-0.599109318,-0.591296423,-0.775426583,-0.602960063,-0.579168054,-0.808583,-0.661246826,-0.744798148,-0.657369915,-0.750393858,-0.733456732,-0.708233154,-0.559283677,-0.650533282,-0.564239194,-0.571614888,-0.717311677,-0.719438066,-0.789902851,-0.797361458
13,LAYING,0.275895876,-0.01765048,-0.109135286,-0.62484446,-0.448816098,-0.587230562,0.709996517,-0.04208581,0.044301054,-0.967268063,-0.953540717,-0.93872788,0.079439303,0.00387962,-0.012348592,-0.638889533,-0.569700547,-0.728452966,-0.056247062,-0.061661379,0.09886606,-0.71510986,-0.645728612,-0.643337285,-0.088118238,-0.044083661,-0.058271875,-0.71577298,-0.718988592,-0.712716428,-0.539871637,-0.597230982,-0.539871637,-0.597230982,-0.625466939,-0.61024854,-0.581215403,-0.63636494,-0.712745036,-0.712056187,-0.638817913,-0.493467193,-0.629736259,-0.620602036,-0.462584459,-0.599036895,-0.660082174,-0.60334049,-0.71083173,-0.649606227,-0.562129867,-0.74482354,-0.658642421,-0.647152818,-0.620471227,-0.734657989,-0.650623559,-0.685774482,-0.589928109,-0.665344859,-0.607295296,-0.617075473,-0.652225307,-0.691915161,-0.712054367,-0.733183568
14,WALKING_UPSTAIRS,0.270184596,-0.016254818,-0.100985936,-0.611671118,-0.374730765,-0.293542715,0.672081225,-0.111701389,-0.161179728,-0.941245715,-0.942377305,-0.915927846,0.074175747,0.004436827,-0.002530447,-0.641964199,-0.586459623,-0.656855586,0.000253671,-0.095492115,0.060671245,-0.728661379,-0.398959363,-0.364478193,-0.107556127,-0.043320049,-0.045069384,-0.786291733,-0.697915531,-0.638299065,-0.45326262,-0.474058613,-0.45326262,-0.474058613,-0.60897342,-0.60514427,-0.416459777,-0.471486715,-0.70052094,-0.727023009,-0.619513272,-0.455237617,-0.440650672,-0.609406374,-0.376829989,-0.275013722,-0.654385009,-0.598699531,-0.618712162,-0.661460357,-0.602158944,-0.694424996,-0.699166401,-0.50463317,-0.423918214,-0.74005221,-0.348864187,-0.407672097,-0.49087418,-0.548269931,-0.596896309,-0.619215145,-0.543030529,-0.516930496,-0.717590102,-0.760560088
15,WALKING_UPSTAIRS,0.278213407,-0.016464485,-0.112563588,-0.556541173,-0.481679538,-0.705706624,0.688872512,0.102660492,0.03728977,-0.968733399,-0.956369494,-0.947240058,0.077689741,0.004893921,-0.004409932,-0.624055782,-0.594312678,-0.825820882,-0.028127878,-0.075878846,0.090665852,-0.696859473,-0.708779069,-0.721826988,-0.096091011,-0.044127069,-0.055564546,-0.731382711,-0.853956592,-0.795626198,-0.527285352,-0.557147874,-0.527285352,-0.557147874,-0.654799695,-0.625660377,-0.61772178,-0.67533696,-0.80528267,-0.837120078,-0.583772317,-0.507735206,-0.741745725,-0.547150855,-0.501568435,-0.71143134,-0.643469519,-0.609408057,-0.805543466,-0.637655155,-0.605854883,-0.845111061,-0.664354429,-0.760711411,-0.71119454,-0.709336168,-0.684504736,-0.751696527,-0.562948391,-0.623655618,-0.614817605,-0.643101167,-0.732394494,-0.69534684,-0.836801894,-0.849634464
16,WALKING_UPSTAIRS,0.27788744,-0.015856789,-0.107263924,-0.668161498,-0.649947068,-0.603819902,0.70090613,-0.060523599,0.040207554,-0.971156432,-0.96472752,-0.945294029,0.077548889,0.008840183,-0.0014373,-0.727861744,-0.735080198,-0.767873049,-0.012234145,-0.07244448,0.073014465,-0.79953445,-0.810124134,-0.737629968,-0.107361615,-0.041661567,-0.053947041,-0.858298719,-0.869573121,-0.837039926,-0.616131117,-0.66171969,-0.616131117,-0.66171969,-0.72524687,-0.719647028,-0.718168776,-0.784822866,-0.860446372,-0.874800166,-0.700885147,-0.671572147,-0.660989948,-0.656969045,-0.661844531,-0.605646725,-0.744662042,-0.748627002,-0.752302172,-0.734776737,-0.738434398,-0.782089515,-0.789780147,-0.81596213,-0.756286642,-0.804991832,-0.809421448,-0.756993641,-0.666962508,-0.712680991,-0.713167614,-0.729869399,-0.817128819,-0.802078223,-0.872772283,-0.886533212
17,WALKING_DOWNSTAIRS,0.273849441,-0.017517849,-0.108945436,-0.575384465,-0.531725561,-0.633174443,0.681018816,0.002084859,0.004579678,-0.969925765,-0.956590055,-0.946280153,0.081880267,0.008359931,0.003136402,-0.655962718,-0.641279471,-0.798055546,-0.013719992,-0.084127533,0.076160547,-0.739509361,-0.746029348,-0.697883519,-0.108510381,-0.038950352,-0.050513453,-0.770982322,-0.811674345,-0.792412597,-0.532690253,-0.60606914,-0.532690253,-0.60606914,-0.671076886,-0.668331557,-0.649912793,-0.730340425,-0.794708805,-0.810882494,-0.622462544,-0.569180425,-0.696059809,-0.559142965,-0.542590164,-0.629065518,-0.692948207,-0.669598735,-0.786440272,-0.649348719,-0.635163006,-0.808333054,-0.70670094,-0.756554218,-0.704461092,-0.751468354,-0.742303506,-0.72425985,-0.616776986,-0.661980076,-0.672302753,-0.666929055,-0.750925805,-0.765190625,-0.815081808,-0.820032371
17,WALKING_UPSTAIRS,0.276134936,-0.0178193,-0.112173902,-0.99504124,-0.979413536,-0.980976484,0.908399607,-0.19865987,-0.278195592,-0.993349446,-0.984760977,-0.981291681,0.075862697,0.010004081,-0.002364844,-0.994019934,-0.989158121,-0.992004427,-0.02575773,-0.066151284,0.087130975,-0.986979956,-0.985073171,-0.987937567,-0.100183297,-0.04176229,-0.05477969,-0.991854138,-0.993318104,-0.993400308,-0.985418968,-0.986826527,-0.985418968,-0.986826527,-0.993245806,-0.993375015,-0.983299608,-0.98165697,-0.994309821,-0.993276946,-0.994496323,-0.982367664,-0.986495766,-0.995250993,-0.978351559,-0.978759604,-0.994117062,-0.988821,-0.990597965,-0.994459398,-0.990414811,-0.991935782,-0.98599354,-0.987392253,-0.988668108,-0.987354722,-0.983809691,-0.988732923,-0.990007266,-0.986287911,-0.993005947,-0.992630932,-0.986607555,-0.981446073,-0.99327833,-0.993482857
18,LAYING,0.276324152,-0.017283155,-0.108112251,-0.694616885,-0.627117507,-0.70159604,0.716863248,-0.015781996,0.089990175,-0.980138676,-0.96954203,-0.959434178,0.077480922,0.012885045,0.000848545,-0.73464445,-0.732969175,-0.847257766,-0.03739938,-0.06782001,0.090840287,-0.804533729,-0.777361714,-0.745612483,-0.094402958,-0.044169187,-0.056848257,-0.842893478,-0.884050473,-0.838614663,-0.658370952,-0.68967189,-0.658370952,-0.68967189,-0.753904677,-0.745212813,-0.714735669,-0.775779059,-0.859899942,-0.888565337,-0.714227765,-0.663659667,-0.761229192,-0.687850549,-0.632838238,-0.694874091,-0.750020077,-0.744113445,-0.833032083,-0.742517894,-0.739197835,-0.860168955,-0.787757638,-0.81638588,-0.755926771,-0.812175241,-0.759665554,-0.766381665,-0.697732862,-0.733904051,-0.742323822,-0.750189976,-0.816286627,-0.789777675,-0.884663023,-0.902206781
19,WALKING_DOWNSTAIRS,0.269723487,-0.018203152,-0.11827718,-0.574658923,-0.507035085,-0.649184727,0.475323016,0.096405263,0.233011401,-0.958290448,-0.959253834,-0.941800285,0.077417115,0.011581242,-0.001861989,-0.571088266,-0.57131119,-0.705342976,-0.038572395,-0.06814206,0.088360959,-0.637789915,-0.643866301,-0.645682212,-0.089593943,-0.038320874,-0.056964944,-0.618836207,-0.725991381,-0.686684584,-0.531507362,-0.599552767,-0.531507362,-0.599552767,-0.576225247,-0.601918553,-0.548919668,-0.610093381,-0.683436542,-0.725598699,-0.587050355,-0.521888077,-0.647026298,-0.570897975,-0.530901585,-0.680291383,-0.593157169,-0.596694944,-0.680924493,-0.586910129,-0.572596723,-0.728521901,-0.553089576,-0.6413373,-0.602625308,-0.666071316,-0.650105402,-0.694729075,-0.556404445,-0.68986092,-0.576064648,-0.641089006,-0.636288,-0.662325968,-0.719519009,-0.754223739
20,LAYING,0.268425758,-0.017591299,-0.108029146,-0.604846695,-0.369336707,-0.634787347,0.628040637,-0.037305948,0.107230759,-0.958201863,-0.952506793,-0.940981538,0.079818125,0.002209287,-0.004506119,-0.627098831,-0.527174602,-0.747362573,-0.024248881,-0.078944842,0.085628063,-0.684586332,-0.573677383,-0.52727797,-0.094982179,-0.041435612,-0.054300128,-0.698354146,-0.684280686,-0.636715879,-0.517257429,-0.57232582,-0.517257429,-0.57232582,-0.619698757,-0.588644307,-0.516861236,-0.580023613,-0.684048497,-0.683503745,-0.612641114,-0.426398722,-0.665006946,-0.603148949,-0.381534029,-0.647515612,-0.652264227,-0.557791286,-0.732835649,-0.634710081,-0.52590761,-0.760509115,-0.626445371,-0.591039733,-0.518444509,-0.704481841,-0.567588606,-0.575002191,-0.560278889,-0.648306199,-0.584571447,-0.597351047,-0.606970915,-0.635816315,-0.692638076,-0.694680032
21,WALKING_DOWNSTAIRS,0.277466526,-0.017666458,-0.108778481,-0.672323867,-0.56558519,-0.669621813,0.645775958,-0.075096307,0.032185177,-0.965586634,-0.969330818,-0.953093993,0.082220787,0.003501076,-0.010659073,-0.699763344,-0.665159123,-0.781823901,-0.027634664,-0.078471974,0.086121267,-0.796172287,-0.765057761,-0.701642028,-0.100558318,-0.040823614,-0.053386105,-0.792483157,-0.815859336,-0.812017312,-0.62030926,-0.660196015,-0.62030926,-0.660196015,-0.703461276,-0.680069219,-0.693779225,-0.76130312,-0.807817403,-0.8240899,-0.693486097,-0.593778214,-0.707713799,-0.665349663,-0.578748587,-0.675588193,-0.716414131,-0.678615119,-0.767351987,-0.709800728,-0.674102361,-0.794922814,-0.752040829,-0.759325715,-0.70947142,-0.81102671,-0.771388319,-0.728319305,-0.65866472,-0.714345739,-0.679742585,-0.683725127,-0.77647306,-0.793158526,-0.826275026,-0.834949863
22,SITTING,0.242298449,-0.031656137,-0.105664297,0.076483247,0.219952845,-0.093518436,0.8701722,-0.350769157,-0.176535741,-0.939673767,-0.944104886,-0.92719241,0.105897184,0.0320775,-0.032698363,0.029601414,-0.027097657,-0.444640861,0.119614301,-0.172162155,-0.004647508,-0.377598602,-0.451114613,-0.133059911,-0.119050871,-0.059375607,-0.074342265,-0.388955638,-0.665547724,-0.482172029,0.194598717,-0.126888897,0.194598717,-0.126888897,-0.066207229,-0.036353266,-0.137333613,-0.223751817,-0.543885972,-0.644416389,-0.041458946,0.123105777,-0.198565774,0.118339545,0.190673822,-0.109291371,0.007744663,-0.042898966,-0.38815349,-0.04165934,-0.080115431,-0.50047613,-0.237124032,-0.483080168,-0.158548505,-0.42315391,-0.437456513,-0.205526547,-0.029583273,-0.323464307,0.003827107,-0.097779999,-0.35444974,-0.272385365,-0.642050515,-0.673087576
22,WALKING_DOWNSTAIRS,0.277156731,-0.01573628,-0.10889156,-0.591898039,-0.543513202,-0.696409302,0.590202951,0.059637422,0.266233413,-0.95989,-0.958295671,-0.939955774,0.077131643,0.014019636,-0.005354713,-0.630182599,-0.599714914,-0.783706594,-0.017396451,-0.089286135,0.087560189,-0.719340786,-0.808549367,-0.692821756,-0.108536984,-0.036922801,-0.057027766,-0.732439672,-0.874226384,-0.761410623,-0.555508409,-0.630466994,-0.555508409,-0.630466994,-0.649767623,-0.630546676,-0.674479871,-0.709682202,-0.81313448,-0.839890422,-0.635653249,-0.554621368,-0.723282881,-0.576586116,-0.567546209,-0.7064433,-0.649283146,-0.613419188,-0.76556824,-0.643720768,-0.612907133,-0.80083827,-0.66918748,-0.814085467,-0.679035334,-0.736449903,-0.807400496,-0.726376318,-0.614415097,-0.6996805,-0.628800132,-0.636187051,-0.755664344,-0.731033945,-0.84403514,-0.847554449
23,SITTING,0.273493255,-0.019589259,-0.109093982,-0.62259404,-0.532078547,-0.450557203,0.662324738,0.01462092,0.051866247,-0.96439304,-0.960318907,-0.934236147,0.077858822,0.020047096,-0.000717681,-0.608183752,-0.618981231,-0.60304877,-0.022089042,-0.082597296,0.074694942,-0.755738625,-0.500338191,-0.609683452,-0.096699074,-0.043272274,-0.062195909,-0.728692138,-0.546043594,-0.740518146,-0.532754757,-0.565575626,-0.532754757,-0.565575626,-0.586400672,-0.558725314,-0.544207964,-0.541949074,-0.623412642,-0.573942888,-0.599080886,-0.548483209,-0.490212816,-0.633839114,-0.55447168,-0.474767544,-0.617521837,-0.628231338,-0.57887081,-0.635054351,-0.63697761,-0.627540368,-0.685136502,-0.497783811,-0.617685417,-0.779197054,-0.507850547,-0.644131037,-0.529029284,-0.657048918,-0.542663319,-0.583832309,-0.534657192,-0.632288527,-0.58411105,-0.593735302
24,LAYING,0.276767046,-0.017682246,-0.107914504,-0.675459176,-0.582490655,-0.636497459,0.694981268,0.07295097,0.062322771,-0.9753297,-0.960898167,-0.955724566,0.0784735,0.003969003,-0.007009606,-0.740300545,-0.685979796,-0.736374233,-0.02125781,-0.07824402,0.084174038,-0.77619905,-0.763365457,-0.708251676,-0.099829425,-0.039074942,-0.055298768,-0.764490031,-0.792718702,-0.796816517,-0.620032665,-0.650862148,-0.620032665,-0.650862148,-0.713667424,-0.689391189,-0.682447213,-0.742983127,-0.791646551,-0.788997851,-0.70761378,-0.611509043,-0.655858995,-0.664356692,-0.59467679,-0.655360521,-0.752245372,-0.703641615,-0.719655747,-0.751378154,-0.688280462,-0.751628688,-0.722607378,-0.75371048,-0.709488577,-0.794063529,-0.771969809,-0.735749934,-0.650121872,-0.705928426,-0.696845583,-0.682447146,-0.754131617,-0.782076276,-0.795019165,-0.796157265
25,SITTING,0.275301468,-0.019322177,-0.109629031,-0.716264538,-0.531421036,-0.647095561,0.672386622,0.047160143,0.239226041,-0.950017091,-0.901088771,-0.880682331,0.081765744,0.006386339,-0.010346171,-0.79682335,-0.722502919,-0.860669383,-0.002981512,-0.083900354,0.099360608,-0.683131971,-0.752261013,-0.74741022,-0.108263885,-0.038988475,-0.055578222,-0.768682473,-0.902628081,-0.831848667,-0.58337775,-0.659015506,-0.58337775,-0.659015506,-0.783445354,-0.780451868,-0.625733064,-0.685152795,-0.849630706,-0.872776184,-0.74841651,-0.600027697,-0.738509948,-0.705223687,-0.529064652,-0.630224638,-0.804144643,-0.740570312,-0.849504849,-0.807712526,-0.721707669,-0.870541516,-0.672197764,-0.813133792,-0.746832214,-0.690398482,-0.723584438,-0.771208929,-0.69501971,-0.695367929,-0.779190076,-0.78354723,-0.75423611,-0.69721312,-0.875970675,-0.877714954
26,SITTING,0.273036581,-0.016168728,-0.107637895,-0.623101031,-0.585967142,-0.704980627,0.615123535,0.108704783,0.23410701,-0.9678179,-0.959713562,-0.955643364,0.080874326,0.0076771,-0.007248919,-0.682815653,-0.678386582,-0.778349461,-0.020659932,-0.082741506,0.091785329,-0.76667397,-0.800675471,-0.703347206,-0.098812563,-0.0404764,-0.055828274,-0.732321371,-0.836112175,-0.773101525,-0.600932264,-0.620355789,-0.600932264,-0.620355789,-0.694917859,-0.677426336,-0.694597663,-0.75183369,-0.798325917,-0.818279113,-0.651090302,-0.610425833,-0.724046087,-0.613499598,-0.60027481,-0.718490476,-0.699413168,-0.696726474,-0.769565291,-0.694314519,-0.680358061,-0.786049125,-0.703109561,-0.799353075,-0.689404847,-0.787403101,-0.803635337,-0.735942384,-0.631756983,-0.6739178,-0.679278324,-0.678025758,-0.770504885,-0.782624321,-0.823865297,-0.823991408
27,SITTING,0.277264567,-0.016796922,-0.1108483,-0.660976085,-0.630460489,-0.683215326,0.62723008,0.032242387,0.141168696,-0.974620173,-0.972505175,-0.959200394,0.07683204,0.00617715,-0.004950006,-0.700549974,-0.674792293,-0.783632077,-0.06088876,-0.055217795,0.10894709,-0.795853557,-0.802048719,-0.674128512,-0.089306604,-0.045041449,-0.058625468,-0.821075833,-0.837320211,-0.782945589,-0.627947737,-0.677874152,-0.627947737,-0.677874152,-0.701807448,-0.696003354,-0.69401602,-0.754713306,-0.823067662,-0.83721288,-0.681454796,-0.64126784,-0.715482858,-0.654659392,-0.649506675,-0.692130766,-0.714554678,-0.694509658,-0.768574452,-0.712857957,-0.675744794,-0.797303408,-0.768505711,-0.795433954,-0.702788513,-0.80628841,-0.808791849,-0.697147299,-0.667185804,-0.734883057,-0.688572791,-0.707531366,-0.78595361,-0.777810419,-0.837586,-0.848260022
28,SITTING,0.278739267,-0.01879752,-0.107807008,-0.683989722,-0.606549834,-0.70744912,0.64707336,-0.137379481,-0.007976497,-0.974479129,-0.95988066,-0.946447412,0.079291031,0.013510768,0.003644949,-0.713004659,-0.687209414,-0.82422817,-0.056779014,-0.048859313,0.096694334,-0.764813966,-0.765086679,-0.710462349,-0.089864994,-0.045665522,-0.059189324,-0.746765237,-0.847302633,-0.793601886,-0.644599448,-0.659757364,-0.644599448,-0.659757364,-0.723779363,-0.714477557,-0.683567422,-0.737683991,-0.81371819,-0.824174463,-0.687768834,-0.622841115,-0.741462255,-0.683199945,-0.623192236,-0.713211963,-0.718019746,-0.705976257,-0.804585189,-0.734238502,-0.68830501,-0.842972637,-0.704876169,-0.773967851,-0.709727227,-0.78446564,-0.762735614,-0.738649933,-0.656100294,-0.715164662,-0.706908799,-0.726122136,-0.762735296,-0.767012523,-0.826660931,-0.833674227
28,STANDING,0.276120153,-0.019610624,-0.11193926,-0.608133789,-0.535146355,-0.660507169,0.596489908,-0.159514371,-0.092660265,-0.973164266,-0.960933257,-0.94596606,0.082406231,0.014187246,-0.00247734,-0.643135701,-0.609963881,-0.773531587,-0.073529151,-0.045143689,0.105692924,-0.711556711,-0.71342739,-0.622184132,-0.086080505,-0.043780998,-0.062615923,-0.689791758,-0.798979959,-0.741845434,-0.569569991,-0.607805066,-0.569569991,-0.607805066,-0.649224303,-0.656365539,-0.607539046,-0.679673857,-0.760708643,-0.784159789,-0.614814832,-0.54056219,-0.684319004,-0.606381586,-0.562242045,-0.67534907,-0.650093316,-0.629450021,-0.749187661,-0.668766481,-0.615705271,-0.796834975,-0.638634953,-0.715582748,-0.631127819,-0.735772226,-0.715167584,-0.655394226,-0.596766477,-0.675726066,-0.63858272,-0.683350493,-0.708848978,-0.716597399,-0.78373199,-0.800627497
29,STANDING,0.279111522,-0.018471953,-0.108675612,-0.574295395,-0.598400276,-0.606461284,0.683067626,0.115489758,0.20821537,-0.973282886,-0.964643161,-0.94162179,0.078838232,0.009001612,-0.003552905,-0.623456414,-0.63549978,-0.793746798,-0.010183191,-0.08828833,0.088162627,-0.734699274,-0.634569173,-0.713864584,-0.100707752,-0.046432203,-0.052785999,-0.736117664,-0.853639613,-0.770221314,-0.553585593,-0.579067216,-0.553585593,-0.579067216,-0.66453806,-0.62047205,-0.602228994,-0.653732302,-0.802293906,-0.840156364,-0.579901,-0.587686308,-0.680547675,-0.572787949,-0.630978845,-0.602550925,-0.629875853,-0.641289076,-0.768433928,-0.651564189,-0.655526117,-0.818292781,-0.685747413,-0.735972302,-0.689221358,-0.752567832,-0.588857987,-0.749163172,-0.589294015,-0.639314176,-0.609879937,-0.636434471,-0.722018435,-0.671454324,-0.840464164,-0.851462427
30,STANDING,0.276305837,-0.017585608,-0.105893557,-0.615890785,-0.519047388,-0.522643274,0.696858201,0.051269819,0.184343178,-0.974319119,-0.952288293,-0.929432635,0.073479927,0.007304383,-0.000653872,-0.679007254,-0.660770554,-0.781644485,-0.035422928,-0.071748245,0.083454459,-0.671005846,-0.538990664,-0.589783442,-0.092676901,-0.041290378,-0.049355618,-0.78063643,-0.798948073,-0.763228547,-0.538131194,-0.588158112,-0.538131194,-0.588158112,-0.697050127,-0.658972148,-0.510032754,-0.573779429,-0.785870931,-0.810398515,-0.635650125,-0.55849001,-0.634958547,-0.609238912,-0.531321492,-0.506570361,-0.685307771,-0.671673671,-0.755432213,-0.701879209,-0.672622023,-0.807184941,-0.667418237,-0.629910666,-0.615699348,-0.676801996,-0.496310421,-0.62025339,-0.600372067,-0.646522811,-0.656339724,-0.664600262,-0.669600511,-0.58919265,-0.811292332,-0.822805619
